,節,開催日,Team,awayTeam,homeScore,awayScore,H or A_x,AGI_x,KAGI_x,CBP_x,shot_x,shot acc_x,possession_x,ACBP_x,PassCBP_x,InterceptP_x,DP_x,H or A_y,AGI_y,KAGI_y,CBP_y,shot_y,shot acc_y,possession_y,ACBP_y,PassCBP_y,InterceptP_y,DP_y
610,1,2.23,磐田,松本,1,1,H,44,46,12.3%,17,5.9%,59.3%,15.21,11.63,93.8,14.76,A,54,56,9.9%,14,7.1%,40.7%,9.51,8.45,99.26,16.23
238,1,2.23,湘南,札幌,2,0,H,53,46,8.9%,12,16.7%,40.1%,11.51,8.91,117.67,20.13,A,54,47,8.0%,11,0.0%,59.9%,23.86,17.82,104.53,16.01
38,1,2.23,仙台,浦和,0,0,H,47,49,6.7%,8,0.0%,38.3%,9.48,6.09,89.37,16.49,A,51,53,8.2%,10,0.0%,61.7%,19.0,16.5,81.44,10.15
178,1,2.23,川崎Ｆ,FC東京,0,0,H,66,48,14.2%,16,0.0%,62.0%,24.83,22.04,106.61,11.11,A,52,34,5.3%,6,0.0%,38.0%,10.79,9.42,83.39,17.86
96,1,2.23,鹿島,大分,1,2,H,72,63,15.2%,21,4.8%,50.6%,24.65,19.77,120.87,10.04,A,37,28,9.4%,11,18.2%,49.4%,11.39,10.41,91.38,21.9
494,1,2.23,鳥栖,名古屋,0,4,H,45,37,7.3%,9,0.0%,42.6%,9.2,6.56,105.98,17.15,A,63,55,11.2%,15,26.7%,57.4%,23.56,21.9,130.58,10.52
458,1,2.23,広島,清水,1,1,H,62,55,11.3%,14,7.1%,50.6%,18.84,15.02,124.39,14.73,A,45,38,5.4%,7,14.3%,49.4%,13.97,11.77,92.33,16.58
396,1,2.22,Ｃ大阪,神戸,1,0,H,43,39,11.1%,11,9.1%,38.8%,12.66,11.3,85.33,13.15,A,61,57,15.0%,15,0.0%,61.2%,25.05,22.83,77.88,7.29
352,1,2.23,Ｇ大阪,横浜FM,2,3,H,56,47,7.5%,10,20.0%,42.8%,11.4,9.75,78.24,14.3,A,53,44,20.2%,25,12.0%,57.2%,19.18,14.79,111.92,17.11
290,2,3.2,清水,Ｇ大阪,2,4,H,57,41,16.3%,17,11.8%,38.7%,14.4,10.12,76.72,16.4,A,59,43,16.4%,20,20.0%,61.3%,27.6,23.47,89.12,12.22
174,2,3.1,川崎Ｆ,鹿島,1,1,H,68,43,18.0%,20,5.0%,65.3%,31.06,26.22,84.71,9.83,A,57,32,7.5%,8,12.5%,34.7%,10.43,8.09,92.09,20.48
102,2,3.2,浦和,札幌,0,2,H,49,52,11.7%,16,0.0%,47.3%,13.98,10.22,94.96,10.1,A,48,51,18.9%,23,8.7%,52.7%,19.55,15.24,101.86,11.97
474,2,3.1,広島,磐田,0,0,H,50,56,8.3%,11,0.0%,43.5%,11.65,10.01,113.26,13.63,A,44,50,7.7%,11,0.0%,56.5%,12.68,10.06,103.27,17.07
326,2,3.2,名古屋,Ｃ大阪,2,0,H,73,85,14.0%,15,13.3%,57.6%,24.5,22.56,70.91,7.2,A,15,27,3.9%,4,0.0%,42.4%,9.27,8.4,72.02,14.89
540,2,3.2,大分,松本,0,1,H,30,44,3.8%,4,0.0%,68.0%,15.63,14.02,66.99,12.66,A,56,70,14.0%,14,7.1%,32.0%,8.67,7.03,84.01,10.78
206,2,3.2,横浜FM,仙台,2,1,H,61,66,15.4%,18,11.1%,66.4%,26.39,20.67,95.23,10.25,A,34,39,4.1%,5,20.0%,33.6%,6.99,5.25,87.59,19.23
434,2,3.2,神戸,鳥栖,1,0,H,44,47,14.8%,16,6.3%,64.7%,17.92,16.92,72.59,10.53,A,53,56,5.7%,6,0.0%,35.3%,9.7,8.26,65.41,10.96
246,2,3.2,湘南,FC東京,2,3,H,51,32,7.6%,9,11.1%,50.1%,13.87,10.59,94.51,12.66,A,68,49,16.4%,19,15.8%,49.9%,17.37,12.85,81.98,17.1
162,3,3.1,FC東京,鳥栖,2,0,H,56,56,13.2%,16,6.3%,54.3%,15.9,12.52,77.11,12.0,A,44,44,5.1%,7,0.0%,45.7%,9.14,8.26,91.21,17.08
214,3,3.1,横浜FM,川崎Ｆ,2,2,H,55,46,10.1%,14,14.3%,53.4%,15.03,11.39,100.51,14.4,A,54,45,12.5%,16,12.5%,46.6%,15.46,12.25,111.93,15.29
550,3,3.9,松本,浦和,0,1,H,45,52,6.6%,10,0.0%,51.4%,8.43,7.11,104.62,13.75,A,48,55,4.8%,7,14.3%,48.6%,8.51,6.3,117.12,13.58
56,3,3.1,仙台,神戸,1,3,H,52,51,19.0%,20,5.0%,40.3%,15.07,13.94,94.43,15.03,A,49,48,14.3%,17,11.8%,59.7%,24.9,19.95,102.82,13.07
14,3,3.9,札幌,清水,5,2,H,50,58,21.6%,24,20.8%,50.4%,18.99,12.5,90.47,12.28,A,42,50,16.1%,18,11.1%,49.6%,15.66,11.24,83.79,18.48
608,3,3.9,磐田,大分,1,2,H,19,58,6.6%,7,14.3%,38.4%,11.06,9.77,58.82,14.83,A,42,81,11.6%,14,14.3%,61.6%,17.83,14.12,93.7,13.17
80,3,3.9,鹿島,湘南,1,0,H,62,45,12.7%,15,6.7%,57.5%,18.53,15.32,75.31,14.64,A,55,38,8.0%,9,0.0%,42.5%,11.09,10.12,74.54,14.1
358,3,3.9,Ｇ大阪,名古屋,2,3,H,54,37,8.1%,10,10.0%,50.3%,16.98,14.72,99.23,14.61,A,63,46,12.8%,17,11.8%,49.7%,20.78,18.05,108.6,11.21
398,3,3.9,Ｃ大阪,広島,0,1,H,52,49,10.0%,12,0.0%,67.0%,24.43,20.4,101.55,11.33,A,51,48,8.6%,10,10.0%,33.0%,8.91,6.89,119.6,18.97
2,4,3.17,札幌,鹿島,1,3,H,47,49,11.9%,13,7.7%,53.9%,17.64,13.4,57.67,8.52,A,51,53,13.6%,14,21.4%,46.1%,15.1,10.04,73.75,15.7
424,4,3.17,神戸,清水,1,1,H,45,35,11.1%,13,7.7%,60.0%,20.18,16.01,79.61,18.17,A,65,55,18.3%,20,5.0%,40.0%,21.33,17.15,101.97,13.66
522,4,3.17,大分,横浜FM,2,0,H,37,50,6.6%,8,25.0%,42.2%,9.98,7.72,75.39,22.95,A,50,63,10.4%,14,0.0%,57.8%,19.83,16.23,106.52,8.69
240,4,3.17,湘南,仙台,2,1,H,52,55,14.6%,18,11.1%,46.0%,16.65,11.57,111.43,15.45,A,45,48,9.8%,13,7.7%,54.0%,19.01,15.46,121.6,14.26
508,4,3.17,鳥栖,磐田,1,0,H,57,40,9.2%,11,9.1%,50.0%,12.49,8.34,80.05,12.37,A,60,43,11.0%,13,0.0%,50.0%,14.61,12.01,70.84,18.92
380,4,3.17,Ｃ大阪,浦和,1,2,H,58,56,20.4%,21,4.8%,59.8%,21.72,17.38,74.57,10.31,A,44,42,11.3%,11,18.2%,40.2%,10.57,9.46,65.29,17.62
188,4,3.17,川崎Ｆ,Ｇ大阪,0,1,H,68,52,14.2%,19,0.0%,54.1%,20.59,16.91,99.85,11.63,A,48,32,7.4%,9,11.1%,45.9%,12.99,11.17,98.37,17.45
472,4,3.17,広島,松本,1,0,H,64,75,9.8%,12,8.3%,59.6%,20.39,16.93,112.13,11.07,A,25,36,3.4%,4,0.0%,40.4%,7.4,7.32,75.26,15.8
152,4,3.17,FC東京,名古屋,1,0,H,48,38,10.4%,13,7.7%,38.7%,9.69,8.12,104.02,19.13,A,62,52,10.5%,14,0.0%,61.3%,23.72,19.28,78.81,11.63
230,5,3.29,横浜FM,鳥栖,0,0,H,50,57,13.6%,20,0.0%,65.6%,19.51,16.69,96.32,8.4,A,43,50,4.3%,6,0.0%,34.4%,7.01,6.09,126.73,18.58
536,5,3.3,大分,広島,0,1,H,33,55,7.3%,7,0.0%,64.7%,18.1,15.11,73.71,10.34,A,45,67,5.4%,5,20.0%,35.3%,13.8,10.49,65.74,12.05
306,5,3.3,名古屋,札幌,4,0,H,67,46,15.0%,21,14.3%,54.2%,29.16,23.68,120.29,14.95,A,54,33,9.4%,13,0.0%,45.8%,15.22,10.8,100.71,18.32
582,5,3.3,磐田,鹿島,1,1,H,1,34,6.8%,8,12.5%,41.7%,8.24,6.59,77.09,20.17,A,66,99,11.9%,15,6.7%,58.3%,19.01,15.3,79.68,9.59
286,5,3.31,清水,湘南,1,3,H,58,49,7.9%,10,10.0%,55.8%,17.95,14.23,80.32,12.97,A,51,42,14.7%,17,17.6%,44.2%,10.64,8.11,56.06,19.11
54,5,3.3,仙台,Ｃ大阪,0,2,H,44,54,9.6%,13,0.0%,45.7%,14.08,12.48,113.63,14.02,A,46,56,10.2%,13,15.4%,54.3%,16.5,13.5,132.56,13.39
554,5,3.31,松本,川崎Ｆ,0,2,H,45,33,3.0%,4,0.0%,33.2%,6.91,5.21,124.45,15.53,A,67,55,12.1%,17,11.8%,66.8%,30.04,24.27,118.66,12.09
362,5,3.3,Ｇ大阪,神戸,3,4,H,68,45,17.1%,20,15.0%,46.7%,23.63,17.77,71.6,13.21,A,55,32,10.9%,13,30.8%,53.3%,18.98,15.75,75.21,18.27
108,5,3.3,浦和,FC東京,1,1,H,49,56,9.2%,11,9.1%,63.2%,19.37,17.85,74.78,10.0,A,44,51,6.5%,7,14.3%,36.8%,9.38,8.56,90.89,17.78
60,6,4.6,仙台,鳥栖,3,0,H,54,58,14.2%,16,18.8%,40.6%,11.97,8.5,87.48,10.82,A,42,46,8.5%,10,0.0%,59.4%,13.97,10.41,54.67,14.92
112,6,4.5,浦和,横浜FM,0,3,H,49,49,8.1%,11,0.0%,43.9%,11.41,8.46,96.07,13.75,A,51,51,11.4%,14,21.4%,56.1%,19.28,16.62,79.45,14.12
28,6,4.6,札幌,大分,1,2,H,51,58,16.4%,19,0.0%,61.1%,23.46,19.76,89.36,13.08,A,42,49,4.3%,5,20.0%,38.9%,9.43,7.97,94.04,18.82
462,6,4.6,広島,Ｇ大阪,3,0,H,58,51,6.2%,7,42.9%,34.4%,11.17,9.09,81.89,12.74,A,49,42,8.5%,10,0.0%,65.6%,23.63,21.59,94.74,11.22
568,6,4.6,松本,神戸,2,1,H,57,38,10.6%,13,15.4%,32.7%,7.88,4.82,92.38,26.16,A,62,43,10.1%,13,7.7%,67.3%,26.39,18.7,93.22,10.17
84,6,4.5,鹿島,名古屋,2,1,H,53,40,9.9%,14,14.3%,42.1%,12.45,8.18,120.72,14.34,A,60,47,8.0%,11,9.1%,57.9%,19.25,16.47,117.32,8.81
270,6,4.6,湘南,磐田,0,2,H,55,44,7.2%,8,0.0%,44.7%,9.83,8.92,85.37,13.11,A,56,45,14.5%,18,5.6%,55.3%,10.66,10.66,78.75,12.07
150,6,4.6,FC東京,清水,2,1,H,60,49,8.9%,12,16.7%,52.1%,17.41,14.11,96.2,15.75,A,51,40,12.2%,16,6.3%,47.9%,14.48,10.51,94.43,17.53
190,6,4.5,川崎Ｆ,Ｃ大阪,1,1,H,65,56,10.5%,13,7.7%,55.7%,27.36,23.74,127.4,10.25,A,44,35,5.0%,6,16.7%,44.3%,12.83,9.92,93.12,22.38
512,7,4.14,大分,仙台,2,0,H,47,44,6.3%,6,33.3%,54.2%,16.05,12.96,77.46,18.34,A,56,53,16.0%,16,0.0%,45.8%,15.85,13.64,77.75,12.86
374,7,4.13,Ｃ大阪,札幌,0,1,H,54,40,10.4%,11,0.0%,53.0%,15.88,12.71,63.79,16.56,A,60,46,15.1%,14,7.1%,47.0%,19.11,15.34,56.77,16.68
140,7,4.14,FC東京,鹿島,3,1,H,56,30,8.5%,10,30.0%,35.4%,10.85,7.45,124.88,16.69,A,70,44,10.2%,13,7.7%,64.6%,23.92,20.32,97.65,11.65
346,7,4.14,Ｇ大阪,浦和,0,1,H,51,47,10.9%,13,0.0%,55.5%,15.75,12.64,76.35,13.49,A,53,49,11.7%,13,7.7%,44.5%,10.89,8.91,87.75,15.51
432,7,4.14,神戸,広島,2,4,H,41,40,11.6%,13,15.4%,61.2%,19.92,16.76,99.12,10.29,A,60,59,10.7%,12,33.3%,38.8%,15.95,12.18,77.52,12.66
594,7,4.14,磐田,清水,1,2,H,49,55,7.6%,9,11.1%,56.3%,14.41,12.54,99.7,13.86,A,45,51,11.5%,14,14.3%,43.7%,11.24,9.18,103.12,15.73
268,7,4.14,湘南,松本,1,1,H,53,40,7.5%,10,10.0%,53.2%,13.03,10.11,99.3,18.63,A,60,47,7.4%,10,10.0%,46.8%,10.96,8.36,86.38,17.88
486,7,4.14,鳥栖,川崎Ｆ,0,1,H,54,52,7.0%,9,0.0%,43.7%,10.88,8.63,77.86,14.67,A,48,46,8.1%,9,11.1%,56.3%,17.17,14.88,94.16,15.31
220,7,4.13,横浜FM,名古屋,1,1,H,46,30,10.1%,12,8.3%,57.4%,14.48,12.22,77.57,17.86,A,70,54,14.1%,18,5.6%,42.6%,18.79,16.52,104.36,13.41
70,8,4.2,鹿島,仙台,1,0,H,60,55,9.6%,12,8.3%,56.5%,18.68,14.88,99.88,16.52,A,45,40,8.9%,11,0.0%,43.5%,11.02,9.26,90.69,19.37
368,8,4.2,Ｇ大阪,大分,1,1,H,57,83,21.7%,20,5.0%,41.0%,17.37,15.45,56.91,9.38,A,17,43,8.4%,8,12.5%,59.0%,13.33,12.29,66.54,19.87
10,8,4.2,札幌,横浜FM,3,0,H,54,57,12.7%,14,21.4%,36.6%,14.11,7.73,99.44,11.8,A,43,46,8.4%,10,0.0%,63.4%,17.89,16.93,77.52,8.34
124,8,4.2,浦和,神戸,1,0,H,48,43,4.9%,6,16.7%,29.3%,6.0,5.11,100.79,20.39,A,57,52,10.9%,14,0.0%,70.7%,23.71,21.52,110.36,8.97
292,8,4.2,清水,Ｃ大阪,1,0,H,53,52,11.5%,13,7.7%,37.8%,10.71,6.21,89.03,16.34,A,48,47,12.8%,15,0.0%,62.2%,18.18,14.88,74.27,13.0
572,8,4.2,松本,鳥栖,1,0,H,52,48,10.2%,12,8.3%,34.8%,7.81,5.56,70.04,20.47,A,52,48,8.4%,11,0.0%,65.2%,18.54,13.27,70.65,7.64
338,8,4.2,名古屋,磐田,1,0,H,50,47,3.8%,5,20.0%,62.6%,18.23,16.64,105.26,13.19,A,53,50,9.9%,13,0.0%,37.4%,10.02,7.41,92.58,15.51
182,8,4.19,川崎Ｆ,湘南,2,0,H,54,73,11.4%,12,16.7%,52.6%,20.9,20.47,117.19,12.67,A,27,46,8.7%,9,0.0%,47.4%,13.49,13.02,90.99,13.16
450,8,4.19,広島,FC東京,0,1,H,45,46,4.9%,5,0.0%,55.1%,12.86,11.81,58.56,13.34,A,54,55,4.9%,5,20.0%,44.9%,15.32,13.92,53.42,13.06
208,9,4.28,横浜FM,鹿島,2,1,H,63,66,12.8%,17,11.8%,67.6%,26.67,21.38,95.86,8.18,A,34,37,5.8%,7,14.3%,32.4%,6.0,4.8,82.09,19.41
578,9,4.28,磐田,札幌,1,2,H,46,58,8.5%,11,9.1%,48.7%,15.21,11.47,65.29,14.28,A,42,54,7.6%,9,22.2%,51.3%,15.82,12.39,105.81,14.15
418,9,4.28,神戸,川崎Ｆ,1,2,H,48,45,10.1%,13,7.7%,61.3%,19.94,17.01,91.12,9.57,A,55,52,10.1%,13,15.4%,38.7%,15.94,11.73,123.65,16.28
490,9,4.28,鳥栖,湘南,0,2,H,58,46,7.6%,10,0.0%,55.9%,11.17,8.73,87.85,16.34,A,54,42,14.9%,20,10.0%,44.1%,11.94,8.75,85.85,17.96
330,9,4.28,名古屋,広島,1,0,H,59,49,13.4%,16,6.3%,53.6%,26.13,21.37,101.46,15.68,A,51,41,8.0%,10,0.0%,46.4%,18.55,14.6,103.45,16.83
52,9,4.28,仙台,Ｇ大阪,2,1,H,58,40,14.3%,18,11.1%,50.5%,15.52,12.33,96.09,16.75,A,60,42,7.6%,10,10.0%,49.5%,18.27,12.35,74.23,17.38
402,9,4.27,Ｃ大阪,大分,0,0,H,61,61,11.5%,11,0.0%,42.3%,17.01,14.11,51.32,13.49,A,39,39,7.8%,7,0.0%,57.7%,17.21,13.54,62.77,11.24
278,9,4.28,清水,浦和,0,2,H,37,65,6.5%,7,0.0%,46.7%,14.75,12.52,94.27,12.59,A,35,63,9.2%,10,20.0%,53.3%,17.29,15.0,104.41,16.17
166,9,4.28,FC東京,松本,2,0,H,59,49,10.4%,12,16.7%,55.1%,16.66,13.03,68.47,13.62,A,51,41,9.2%,11,0.0%,44.9%,11.17,9.38,80.23,15.63
254,10,5.4,湘南,名古屋,1,1,H,51,29,9.6%,13,7.7%,43.3%,14.19,9.46,112.64,19.03,A,71,49,15.4%,21,4.8%,56.7%,28.14,25.9,99.89,12.69
566,10,5.4,松本,Ｃ大阪,0,2,H,53,45,8.9%,10,0.0%,42.4%,13.3,10.3,57.19,12.04,A,55,47,18.1%,21,9.5%,57.6%,16.7,11.33,89.05,17.17
348,10,5.4,Ｇ大阪,FC東京,0,0,H,55,44,15.9%,18,0.0%,62.6%,18.3,14.86,74.61,12.1,A,56,45,12.7%,14,0.0%,37.4%,14.97,11.41,66.13,14.67
134,10,5.3,浦和,磐田,0,1,H,50,42,9.4%,10,0.0%,57.3%,17.27,16.14,80.26,13.19,A,58,50,16.2%,19,5.3%,42.7%,14.58,10.68,71.13,15.29
538,10,5.4,大分,鳥栖,2,0,H,47,50,12.3%,13,15.4%,57.2%,15.41,12.25,88.16,14.62,A,50,53,3.6%,4,0.0%,42.8%,13.32,10.91,99.24,11.43
22,10,5.4,札幌,神戸,2,1,H,60,58,16.0%,17,11.8%,43.2%,18.44,13.11,85.61,14.38,A,42,40,12.1%,13,7.7%,56.8%,17.31,14.0,81.66,17.61
172,10,5.3,川崎Ｆ,仙台,3,1,H,75,50,12.3%,14,21.4%,60.9%,32.67,26.12,114.24,10.72,A,50,25,8.4%,9,11.1%,39.1%,13.12,10.66,85.54,18.11
454,10,5.3,広島,横浜FM,0,1,H,65,66,14.9%,18,0.0%,40.9%,19.17,10.89,77.49,9.54,A,34,35,3.4%,4,25.0%,59.1%,15.77,14.52,72.7,19.74
82,10,5.3,鹿島,清水,3,0,H,64,52,13.4%,15,20.0%,58.5%,24.02,20.52,111.75,10.39,A,48,36,9.9%,11,0.0%,41.5%,12.38,9.66,57.85,17.2
544,11,5.12,松本,札幌,0,0,H,54,44,12.4%,14,0.0%,43.4%,10.25,9.46,78.89,16.0,A,56,46,10.3%,11,0.0%,56.6%,19.18,14.22,76.5,16.1
412,11,5.12,神戸,鹿島,0,1,H,39,44,3.8%,5,0.0%,57.7%,14.85,13.75,108.72,14.31,A,56,61,15.0%,19,5.3%,42.3%,16.59,13.73,106.71,13.56
266,11,5.12,湘南,大分,0,1,H,60,55,16.7%,21,0.0%,49.2%,17.52,14.51,102.22,9.97,A,45,40,9.2%,11,9.1%,50.8%,12.51,10.16,92.45,16.2
282,11,5.12,清水,川崎Ｆ,0,4,H,38,40,7.6%,9,0.0%,49.8%,12.96,10.35,108.76,14.94,A,60,62,12.0%,15,26.7%,50.2%,20.16,16.6,117.93,15.05
312,11,5.12,名古屋,浦和,2,0,H,63,60,14.3%,17,11.8%,63.8%,31.76,26.21,89.03,12.47,A,40,37,4.9%,5,0.0%,36.2%,7.05,7.05,72.9,15.58
386,11,5.11,Ｃ大阪,横浜FM,3,0,H,69,53,11.5%,12,25.0%,34.7%,12.63,8.31,81.22,10.73,A,47,31,10.5%,11,0.0%,65.3%,17.6,15.26,54.29,9.69
168,11,5.12,FC東京,磐田,1,0,H,58,54,12.0%,15,6.7%,47.1%,17.61,13.15,86.91,11.6,A,46,42,9.0%,11,0.0%,52.9%,15.85,13.67,82.08,14.23
58,11,5.12,仙台,広島,2,1,H,53,45,14.9%,17,11.8%,54.7%,19.72,16.56,111.66,10.66,A,55,47,9.4%,12,8.3%,45.3%,14.4,10.25,70.62,15.54
496,11,5.11,鳥栖,Ｇ大阪,3,1,H,55,56,11.5%,13,23.1%,47.9%,12.46,8.88,97.23,9.66,A,44,45,5.0%,6,16.7%,52.1%,13.26,11.07,65.71,10.8
468,12,5.17,広島,鳥栖,0,1,H,62,64,12.9%,15,0.0%,48.8%,17.72,13.39,80.16,11.86,A,36,38,4.8%,5,0.0%,51.2%,11.1,10.69,75.86,18.18
226,12,5.18,横浜FM,神戸,4,1,H,54,55,11.2%,15,26.7%,58.2%,21.53,14.8,73.9,11.98,A,45,46,10.4%,13,7.7%,41.8%,10.62,7.72,109.89,17.84
360,12,5.18,Ｇ大阪,Ｃ大阪,1,0,H,48,42,9.2%,11,9.1%,51.0%,15.38,12.69,111.5,17.35,A,58,52,10.8%,13,0.0%,49.0%,19.66,15.7,86.58,11.92
186,12,5.17,川崎Ｆ,名古屋,1,1,H,46,31,9.2%,11,9.1%,45.9%,15.34,13.3,121.69,14.03,A,69,54,7.5%,9,11.1%,54.1%,24.1,20.26,99.05,12.62
526,12,5.18,大分,清水,1,1,H,28,53,10.8%,10,10.0%,66.7%,15.29,14.5,66.97,10.24,A,47,72,15.1%,13,7.7%,33.3%,8.1,7.08,42.8,11.2
114,12,5.17,浦和,湘南,2,3,H,70,52,12.4%,17,11.8%,48.8%,17.68,13.0,131.26,14.73,A,48,30,9.1%,14,21.4%,51.2%,11.75,9.12,99.17,14.91
136,12,5.18,FC東京,札幌,2,0,H,56,43,9.8%,12,16.7%,45.0%,13.08,11.44,115.8,11.53,A,57,44,10.2%,11,0.0%,55.0%,18.65,16.74,84.76,12.84
580,12,5.18,磐田,仙台,2,0,H,50,45,14.0%,16,12.5%,47.2%,12.29,9.61,116.84,21.89,A,55,50,11.2%,14,0.0%,52.8%,16.62,13.44,86.66,13.04
98,12,5.18,鹿島,松本,5,0,H,55,61,11.2%,14,35.7%,60.6%,20.26,14.83,107.43,6.95,A,39,45,5.8%,6,0.0%,39.4%,7.86,5.93,93.39,14.0
520,13,5.26,大分,川崎Ｆ,0,1,H,43,43,4.1%,4,0.0%,49.6%,13.72,13.6,79.92,8.99,A,57,57,10.2%,10,10.0%,50.4%,22.97,21.48,74.57,12.79
126,13,5.26,浦和,広島,0,4,H,53,41,10.1%,11,0.0%,60.3%,21.39,19.41,47.79,9.5,A,59,47,12.6%,14,28.6%,39.7%,11.42,8.58,53.53,15.64
336,13,5.26,名古屋,松本,0,1,H,59,56,9.0%,12,0.0%,67.4%,24.53,22.11,105.01,8.39,A,44,41,8.4%,9,11.1%,32.6%,4.49,4.1,91.25,18.06
18,13,5.25,札幌,Ｇ大阪,0,0,H,62,63,14.0%,16,0.0%,52.8%,20.94,17.21,93.02,10.2,A,37,38,6.9%,7,0.0%,47.2%,13.95,12.54,77.23,15.4
480,13,5.26,鳥栖,鹿島,1,0,H,57,46,8.8%,10,10.0%,48.3%,10.68,7.62,87.5,10.35,A,54,43,9.7%,11,0.0%,51.7%,11.28,7.7,72.18,17.85
422,13,5.26,神戸,湘南,4,1,H,53,53,12.6%,15,26.7%,60.8%,15.75,13.71,88.35,9.48,A,47,47,8.4%,9,11.1%,39.2%,10.4,8.43,92.62,15.57
274,13,5.25,清水,仙台,4,3,H,47,48,10.6%,13,30.8%,48.8%,16.74,11.1,99.05,22.99,A,52,53,15.8%,21,14.3%,51.2%,15.99,11.83,87.49,15.79
236,13,5.26,横浜FM,磐田,4,0,H,54,49,18.8%,22,18.2%,61.6%,25.26,17.97,78.53,12.16,A,51,46,12.1%,14,0.0%,38.4%,8.54,6.71,90.39,11.86
382,13,5.25,Ｃ大阪,FC東京,1,0,H,50,41,14.5%,17,5.9%,53.0%,12.74,10.43,78.07,9.47,A,59,50,11.1%,12,0.0%,47.0%,11.87,9.34,57.43,13.42
164,14,6.1,FC東京,大分,3,1,H,75,79,17.6%,19,15.8%,46.5%,20.88,15.78,99.08,10.75,A,21,25,4.0%,4,25.0%,53.5%,12.29,11.04,60.28,18.06
602,14,6.1,磐田,神戸,1,1,H,54,57,15.3%,17,5.9%,49.5%,18.74,14.74,81.16,8.51,A,43,46,8.2%,9,11.1%,50.5%,9.97,8.65,72.97,15.84
250,14,5.31,湘南,横浜FM,1,2,H,52,51,6.6%,8,12.5%,32.8%,8.47,4.78,76.53,13.75,A,49,48,8.7%,11,18.2%,67.2%,17.67,14.16,86.89,11.93
176,14,6.1,川崎Ｆ,浦和,1,1,H,59,57,15.0%,17,5.9%,61.0%,23.83,18.37,90.1,9.89,A,43,41,7.5%,8,12.5%,39.0%,11.22,8.12,105.48,13.57
498,14,6.1,鳥栖,Ｃ大阪,0,1,H,65,63,10.4%,10,0.0%,52.2%,17.1,12.78,67.69,7.95,A,37,35,11.8%,12,8.3%,47.8%,9.83,8.74,56.66,15.34
24,14,6.1,札幌,広島,1,0,H,43,51,7.2%,7,14.3%,54.8%,15.2,14.01,80.09,16.16,A,49,57,7.3%,8,0.0%,45.2%,17.3,14.58,105.96,17.51
560,14,6.1,松本,清水,1,1,H,50,57,7.4%,9,11.1%,50.0%,11.97,9.9,96.11,13.22,A,43,50,10.6%,12,8.3%,50.0%,10.88,8.41,88.27,14.45
50,14,6.1,仙台,名古屋,3,1,H,43,40,8.3%,10,30.0%,38.4%,8.69,7.23,122.94,18.4,A,60,57,7.8%,10,10.0%,61.6%,23.74,20.5,108.72,13.85
344,14,6.1,Ｇ大阪,鹿島,1,1,H,46,36,7.5%,8,12.5%,53.5%,17.6,14.2,88.2,12.79,A,64,54,7.8%,8,12.5%,46.5%,16.12,14.84,95.83,10.36
598,15,6.15,磐田,Ｇ大阪,0,0,H,67,54,10.2%,12,0.0%,44.8%,14.67,11.57,89.67,8.06,A,46,33,12.4%,15,0.0%,55.2%,19.61,13.55,81.59,15.16
170,15,6.14,川崎Ｆ,札幌,1,1,H,70,66,22.4%,26,3.8%,58.6%,30.02,22.91,79.91,10.88,A,34,30,3.5%,4,25.0%,41.4%,9.84,8.4,49.45,23.36
546,15,6.15,松本,仙台,0,1,H,52,44,9.8%,12,0.0%,50.6%,16.18,12.95,79.52,14.67,A,56,48,8.9%,11,9.1%,49.4%,16.4,10.42,89.25,17.48
128,15,6.15,浦和,鳥栖,2,1,H,45,46,13.6%,15,13.3%,54.2%,11.96,10.89,51.86,13.73,A,54,55,10.9%,12,8.3%,45.8%,14.07,7.62,83.9,10.2
158,15,6.15,FC東京,神戸,0,1,H,66,48,11.1%,14,0.0%,41.7%,14.68,11.89,91.54,12.4,A,52,34,18.7%,20,5.0%,58.3%,22.7,13.52,80.89,16.14
456,15,6.14,広島,湘南,2,0,H,68,53,19.8%,25,8.0%,58.9%,21.11,15.82,98.9,9.04,A,47,32,10.1%,12,0.0%,41.1%,10.9,8.63,83.73,16.87
88,15,6.14,鹿島,Ｃ大阪,2,0,H,52,54,10.4%,10,20.0%,46.7%,15.3,10.58,66.5,11.39,A,46,48,16.8%,16,0.0%,53.3%,13.6,10.79,77.67,10.71
528,15,6.15,大分,名古屋,1,1,H,24,21,8.3%,9,11.1%,39.1%,8.96,6.02,74.98,29.06,A,79,76,18.1%,21,4.8%,60.9%,41.15,34.97,94.13,6.1
284,15,6.15,清水,横浜FM,3,2,H,56,51,11.8%,14,21.4%,31.8%,8.8,6.48,77.77,13.52,A,49,44,9.5%,12,16.7%,68.2%,21.62,17.34,75.01,13.96
406,16,6.22,Ｃ大阪,磐田,2,0,H,54,39,12.6%,14,14.3%,53.7%,15.04,11.29,85.22,19.53,A,61,46,17.1%,18,0.0%,46.3%,14.14,10.66,80.18,7.96
452,16,7.31,広島,川崎Ｆ,3,2,H,40,46,7.6%,7,42.9%,44.1%,14.73,12.3,67.12,21.85,A,54,60,10.3%,11,18.2%,55.9%,25.52,22.88,84.12,9.51
40,16,6.23,仙台,FC東京,2,0,H,58,50,17.8%,21,9.5%,45.2%,14.05,9.14,95.89,19.0,A,50,42,5.0%,6,0.0%,54.8%,11.73,11.24,68.47,12.25
26,16,6.22,札幌,鳥栖,3,1,H,51,48,9.2%,10,30.0%,42.7%,12.32,9.98,57.24,13.13,A,52,49,9.5%,11,9.1%,57.3%,16.73,13.42,82.55,13.94
436,16,6.22,神戸,大分,2,2,H,53,84,17.0%,15,13.3%,45.2%,17.23,12.95,58.48,7.53,A,16,47,7.9%,7,28.6%,54.8%,11.76,11.66,73.8,8.66
322,16,6.22,名古屋,清水,1,2,H,64,53,9.4%,12,8.3%,65.5%,27.55,24.28,78.9,8.9,A,47,36,10.5%,12,16.7%,34.5%,10.03,7.25,83.64,18.24
106,16,7.31,浦和,鹿島,1,1,H,54,44,13.2%,14,7.1%,56.4%,19.68,15.63,82.12,13.37,A,56,46,10.8%,13,7.7%,43.6%,14.85,11.4,68.53,16.28
354,16,6.22,Ｇ大阪,湘南,1,0,H,54,42,16.2%,18,5.6%,66.4%,24.31,20.68,69.18,10.78,A,58,46,12.2%,12,0.0%,33.6%,12.02,9.03,76.92,13.52
234,16,6.22,横浜FM,松本,1,0,H,46,46,10.2%,13,7.7%,71.1%,18.25,17.42,89.44,12.74,A,54,54,6.1%,7,0.0%,28.9%,5.63,4.51,74.99,12.79
516,17,6.3,大分,浦和,2,0,H,30,42,16.0%,15,13.3%,56.3%,13.61,10.71,67.5,17.11,A,58,70,12.0%,11,0.0%,43.7%,13.12,9.65,66.93,8.53
146,17,6.29,FC東京,横浜FM,4,2,H,55,36,8.6%,9,44.4%,32.7%,9.57,7.05,86.42,22.5,A,64,45,19.3%,22,9.1%,67.3%,30.16,23.39,72.86,12.74
564,17,6.29,松本,Ｇ大阪,1,3,H,56,59,15.0%,18,5.6%,37.6%,11.83,9.51,83.0,12.2,A,41,44,13.3%,17,17.6%,62.4%,18.53,14.97,70.18,12.64
34,17,6.3,仙台,札幌,2,1,H,46,43,13.8%,15,13.3%,41.7%,11.52,8.23,86.84,22.69,A,57,54,12.6%,15,6.7%,58.3%,19.56,16.08,73.11,10.66
492,17,6.3,鳥栖,清水,4,2,H,60,49,11.4%,13,30.8%,47.6%,15.58,11.09,92.28,13.74,A,51,40,19.6%,22,9.1%,52.4%,17.67,13.26,77.35,13.74
426,17,6.3,神戸,名古屋,5,3,H,42,35,10.3%,10,50.0%,39.4%,8.8,5.98,83.56,16.2,A,65,58,19.5%,22,13.6%,60.6%,26.88,23.93,89.98,7.7
258,17,6.3,湘南,Ｃ大阪,0,2,H,56,48,12.1%,12,0.0%,49.5%,14.6,9.96,63.62,12.65,A,52,44,18.3%,17,11.8%,50.5%,13.24,11.95,50.97,15.55
92,17,6.3,鹿島,広島,2,2,H,53,48,8.2%,10,20.0%,51.8%,14.67,13.23,93.2,13.37,A,52,47,10.2%,12,16.7%,48.2%,15.61,11.73,100.51,15.33
588,17,6.3,磐田,川崎Ｆ,1,3,H,52,47,13.3%,16,6.3%,43.6%,14.03,11.02,85.12,8.72,A,53,48,6.4%,7,42.9%,56.4%,21.03,18.65,91.38,12.7
295,18,7.6,清水,神戸,2,1,H,57,64,10.9%,12,16.7%,36.4%,10.6,8.48,89.21,12.92,A,36,43,10.4%,12,8.3%,63.6%,15.37,11.83,74.23,12.37
31,18,7.7,札幌,松本,1,1,H,57,54,12.9%,16,6.3%,56.5%,17.24,14.88,111.42,13.58,A,46,43,12.0%,15,6.7%,43.5%,11.54,7.12,79.54,19.41
465,18,7.6,広島,Ｃ大阪,1,1,H,66,61,12.5%,14,7.1%,51.2%,19.54,16.7,86.77,13.57,A,39,34,8.6%,10,10.0%,48.8%,12.45,10.0,88.66,20.32
101,18,7.6,鹿島,磐田,2,0,H,39,41,2.7%,3,33.3%,39.3%,5.15,4.28,61.5,13.24,A,59,61,13.6%,15,0.0%,60.7%,19.9,16.71,95.46,6.85
105,18,7.6,浦和,仙台,1,0,H,59,62,14.2%,16,6.3%,62.0%,21.01,19.09,85.9,10.37,A,38,41,3.2%,3,0.0%,38.0%,9.04,8.51,67.54,13.64
321,18,7.7,名古屋,湘南,0,2,H,62,54,23.4%,30,0.0%,67.7%,29.76,21.92,83.1,6.38,A,46,38,7.7%,8,25.0%,32.3%,4.98,3.94,80.4,19.88
233,18,7.6,横浜FM,大分,1,0,H,63,78,15.7%,18,5.6%,55.0%,24.44,20.7,114.9,7.13,A,22,37,1.8%,2,0.0%,45.0%,10.75,8.08,79.7,24.03
197,18,7.7,川崎Ｆ,鳥栖,0,0,H,61,56,12.8%,12,0.0%,53.8%,21.75,16.18,50.94,15.25,A,44,39,8.6%,8,0.0%,46.2%,10.03,7.83,48.1,13.02
155,18,7.7,FC東京,Ｇ大阪,3,1,H,60,27,7.8%,9,33.3%,44.3%,14.79,11.91,76.16,18.56,A,73,40,9.5%,11,9.1%,55.7%,26.34,18.95,81.31,15.12
37,19,7.13,仙台,鹿島,0,4,H,55,42,14.4%,17,0.0%,50.7%,13.83,10.17,86.05,12.16,A,58,45,15.7%,18,22.2%,49.3%,16.51,12.31,83.27,15.12
393,19,7.13,Ｃ大阪,名古屋,3,0,H,45,35,13.3%,13,23.1%,45.4%,15.71,12.09,86.9,20.55,A,65,55,14.8%,16,0.0%,54.6%,25.41,22.86,93.25,10.44
261,19,7.14,湘南,神戸,3,1,H,65,56,19.7%,23,13.0%,42.0%,13.91,9.13,89.61,13.91,A,44,35,8.0%,9,11.1%,58.0%,14.91,12.79,52.67,17.78
503,19,7.13,鳥栖,広島,0,2,H,52,48,7.6%,8,0.0%,53.8%,14.82,11.72,84.89,11.88,A,52,48,9.4%,9,22.2%,46.2%,14.35,11.49,59.27,16.91
211,19,7.13,横浜FM,浦和,3,1,H,57,57,21.9%,23,13.0%,64.0%,24.93,21.93,93.22,9.48,A,43,43,4.8%,5,0.0%,36.0%,9.21,7.55,70.85,16.05
577,19,7.13,松本,磐田,0,1,H,48,44,8.9%,11,0.0%,45.3%,9.75,7.99,66.84,13.82,A,56,52,13.9%,16,6.3%,54.7%,12.01,10.59,82.86,13.02
357,19,7.13,Ｇ大阪,清水,1,0,H,57,48,19.3%,21,4.8%,57.5%,25.06,17.4,87.98,15.92,A,52,43,9.9%,11,0.0%,42.5%,15.68,12.47,87.63,15.45
145,19,7.14,FC東京,川崎Ｆ,0,3,H,46,40,8.2%,10,0.0%,46.6%,11.11,9.29,89.67,11.14,A,60,54,14.3%,16,18.8%,53.4%,19.03,18.52,106.93,14.72
511,19,7.13,大分,札幌,2,1,H,31,36,5.6%,6,33.3%,54.2%,14.1,11.56,72.18,21.07,A,64,69,16.5%,17,0.0%,45.8%,24.25,18.28,102.0,9.04
95,20,7.2,鹿島,鳥栖,2,1,H,63,47,14.6%,15,13.3%,51.3%,14.72,11.93,53.74,12.64,A,53,37,8.2%,8,12.5%,48.7%,10.15,7.79,44.06,9.83
281,20,7.2,清水,FC東京,0,2,H,58,35,9.9%,10,0.0%,46.8%,14.77,10.82,49.18,11.4,A,65,42,16.5%,15,13.3%,53.2%,16.59,13.31,57.59,11.21
377,20,7.2,Ｃ大阪,仙台,0,0,H,59,40,14.8%,16,0.0%,59.8%,17.84,14.46,60.34,17.23,A,60,41,15.3%,17,0.0%,40.2%,11.08,8.62,76.08,18.94
571,20,7.2,松本,広島,2,2,H,36,51,9.1%,10,20.0%,38.5%,8.99,7.96,98.74,15.35,A,49,64,12.6%,14,14.3%,61.5%,17.56,14.84,110.45,10.6
325,20,7.2,名古屋,Ｇ大阪,2,2,H,53,55,15.1%,13,15.4%,47.1%,21.07,16.73,63.99,9.85,A,45,47,10.7%,9,22.2%,52.9%,20.32,18.02,63.23,11.75
13,20,7.2,札幌,湘南,5,2,H,50,46,20.2%,23,21.7%,47.0%,17.22,12.82,54.85,17.68,A,54,50,14.2%,16,12.5%,53.0%,13.42,11.63,71.2,11.89
421,20,7.2,神戸,横浜FM,0,2,H,55,53,17.9%,20,0.0%,48.2%,18.68,11.97,84.87,11.64,A,47,45,11.1%,13,15.4%,51.8%,15.91,13.31,71.47,10.44
585,20,7.2,磐田,浦和,1,3,H,50,55,12.0%,13,7.7%,45.2%,13.99,12.09,62.62,9.6,A,45,50,12.8%,12,25.0%,54.8%,18.79,14.73,52.96,14.56
199,20,7.27,川崎Ｆ,大分,3,1,H,48,63,23.0%,20,15.0%,43.2%,18.17,17.16,70.03,12.68,A,37,52,8.3%,7,14.3%,56.8%,17.76,12.94,85.02,8.9
157,21,8.3,FC東京,Ｃ大阪,3,0,H,58,45,10.9%,11,27.3%,38.9%,10.02,7.38,72.13,16.55,A,55,42,13.3%,14,0.0%,61.1%,18.33,13.94,75.5,11.04
119,21,8.4,浦和,名古屋,2,2,H,53,46,18.3%,20,10.0%,58.0%,23.81,19.56,106.94,11.37,A,54,47,17.8%,19,10.5%,42.0%,20.88,16.28,83.83,18.09
243,21,8.3,湘南,鹿島,3,2,H,56,43,15.3%,18,16.7%,41.6%,12.46,8.87,90.21,11.64,A,57,44,13.7%,17,11.8%,58.4%,15.42,13.73,62.63,12.86
429,21,8.2,神戸,Ｇ大阪,2,2,H,62,49,24.1%,27,7.4%,57.2%,25.34,16.56,98.0,9.06,A,51,38,12.6%,14,14.3%,42.8%,15.77,11.0,67.37,18.22
67,21,8.3,仙台,磐田,2,1,H,46,34,11.5%,11,18.2%,43.2%,12.32,8.06,83.32,24.75,A,66,54,9.3%,10,10.0%,56.8%,22.12,17.03,65.61,13.19
219,21,8.3,横浜FM,清水,0,1,H,55,62,8.3%,11,0.0%,69.5%,25.61,22.47,85.95,6.52,A,38,45,7.8%,9,11.1%,30.5%,5.25,3.58,81.26,19.38
201,21,8.4,川崎Ｆ,松本,0,0,H,56,58,14.1%,14,0.0%,68.1%,27.68,24.45,81.12,8.58,A,42,44,9.7%,9,0.0%,31.9%,9.02,6.08,77.92,13.7
505,21,8.4,鳥栖,大分,2,2,H,49,55,19.8%,17,11.8%,36.5%,12.57,9.66,50.48,13.48,A,45,51,10.8%,9,22.2%,63.5%,17.39,13.16,48.87,9.62
443,21,8.3,広島,札幌,1,0,H,37,47,5.2%,6,16.7%,52.7%,14.77,14.44,93.51,15.02,A,53,63,14.8%,16,0.0%,47.3%,19.39,15.01,115.61,11.07
139,22,8.1,FC東京,仙台,1,0,H,46,55,9.1%,9,11.1%,47.9%,10.77,9.73,69.01,14.53,A,45,54,12.6%,13,0.0%,52.1%,13.26,10.71,59.0,11.84
5,22,8.1,札幌,浦和,1,1,H,57,55,17.1%,18,5.6%,39.8%,14.74,11.2,90.86,11.58,A,45,43,9.7%,10,10.0%,60.2%,17.64,15.09,83.56,15.33
79,22,8.1,鹿島,横浜FM,2,1,H,59,56,10.3%,11,18.2%,36.5%,8.92,7.08,74.27,14.96,A,44,41,9.4%,10,10.0%,63.5%,15.51,12.66,44.47,12.49
317,22,8.1,名古屋,川崎Ｆ,3,0,H,51,47,10.1%,11,27.3%,47.0%,18.74,15.74,84.33,11.64,A,53,49,10.5%,11,0.0%,53.0%,21.66,18.45,83.67,11.05
401,22,8.11,Ｃ大阪,鳥栖,1,2,H,57,47,16.8%,18,5.6%,46.4%,15.94,13.57,77.8,13.27,A,53,43,9.9%,10,20.0%,53.6%,15.6,12.65,70.19,16.96
593,22,8.11,磐田,湘南,2,3,H,60,48,13.3%,17,11.8%,54.4%,20.7,14.5,94.93,11.92,A,52,40,14.8%,18,16.7%,45.6%,11.05,8.34,82.6,16.62
365,22,8.1,Ｇ大阪,広島,1,1,H,55,55,19.8%,20,5.0%,60.8%,24.85,20.94,87.73,11.81,A,45,45,10.7%,11,9.1%,39.2%,13.25,10.65,74.1,16.26
535,22,8.1,大分,神戸,1,1,H,37,63,8.1%,7,14.3%,43.3%,9.62,9.25,68.34,11.03,A,37,63,10.6%,9,11.1%,56.7%,14.92,12.35,61.23,9.61
303,22,8.1,清水,松本,1,0,H,47,53,13.9%,14,7.1%,45.7%,12.03,9.48,73.9,16.4,A,47,53,5.8%,6,0.0%,54.3%,13.96,11.52,61.52,14.49
515,23,8.17,大分,鹿島,0,1,H,34,55,2.3%,2,0.0%,59.1%,16.1,13.01,62.78,10.84,A,45,66,6.7%,6,16.7%,40.9%,11.08,10.79,62.8,11.48
273,23,8.17,清水,札幌,0,8,H,48,48,10.8%,12,0.0%,52.7%,14.42,11.05,57.08,15.22,A,52,52,16.2%,16,50.0%,47.3%,15.43,11.2,72.79,13.33
415,23,8.17,神戸,浦和,3,0,H,45,54,20.2%,19,15.8%,52.5%,15.16,12.42,83.36,15.58,A,46,55,11.5%,11,0.0%,47.5%,15.58,12.82,67.29,10.0
43,23,8.17,仙台,川崎Ｆ,2,2,H,51,32,10.0%,9,22.2%,33.3%,8.42,5.97,73.38,15.97,A,68,49,13.0%,13,15.4%,66.7%,28.67,25.67,70.78,7.51
225,23,8.17,横浜FM,Ｃ大阪,1,2,H,78,55,18.5%,20,5.0%,64.2%,27.31,23.23,77.26,9.32,A,45,22,12.5%,13,15.4%,35.8%,9.7,6.83,63.63,25.94
563,23,8.18,松本,名古屋,1,1,H,55,47,14.2%,15,6.7%,33.4%,10.76,8.12,83.23,16.16,A,53,45,8.0%,9,11.1%,66.6%,22.16,18.67,64.28,10.57
265,23,8.17,湘南,鳥栖,2,3,H,63,44,20.4%,23,8.7%,43.8%,13.52,8.63,82.32,12.76,A,56,37,15.0%,18,16.7%,56.2%,15.14,9.87,84.57,14.45
373,23,8.18,Ｇ大阪,磐田,1,1,H,68,49,15.2%,16,6.3%,63.1%,31.72,24.26,78.17,13.37,A,51,32,12.1%,13,7.7%,36.9%,10.69,9.65,75.14,23.4
161,23,8.17,FC東京,広島,0,1,H,50,47,7.7%,7,0.0%,45.8%,12.45,10.32,66.6,9.36,A,53,50,4.3%,4,25.0%,54.2%,15.93,14.36,61.58,13.29
501,24,8.23,鳥栖,神戸,1,6,H,61,57,22.3%,21,4.8%,40.0%,17.97,13.08,97.77,10.71,A,43,39,15.8%,16,37.5%,60.0%,19.75,16.93,58.86,16.16
87,24,8.23,鹿島,Ｇ大阪,2,2,H,57,54,18.8%,18,11.1%,51.6%,18.42,15.13,57.14,9.22,A,46,43,12.4%,11,18.2%,48.4%,12.9,11.36,64.65,13.73
319,24,8.24,名古屋,横浜FM,1,5,H,64,44,11.5%,13,7.7%,48.0%,21.76,16.17,71.76,9.82,A,56,36,20.8%,20,25.0%,52.0%,18.71,13.92,74.61,15.24
601,24,8.24,磐田,Ｃ大阪,0,2,H,67,56,14.3%,16,0.0%,45.8%,16.3,11.77,76.03,10.54,A,44,33,12.1%,13,15.4%,54.2%,13.82,11.52,79.79,16.38
7,24,8.24,札幌,FC東京,1,1,H,51,40,16.5%,16,6.3%,45.1%,13.41,10.83,71.49,14.6,A,60,49,11.9%,13,7.7%,54.9%,16.82,15.32,78.19,17.7
471,24,8.24,広島,大分,0,0,H,56,100,21.3%,20,0.0%,56.1%,26.2,21.16,84.75,9.26,A,0,44,3.2%,3,0.0%,43.9%,9.78,9.07,45.45,19.51
185,24,8.24,川崎Ｆ,清水,2,2,H,65,61,20.4%,21,9.5%,64.6%,26.57,23.61,67.05,6.86,A,39,35,7.5%,7,28.6%,35.4%,7.07,6.21,54.92,25.26
133,24,8.23,浦和,松本,1,2,H,50,52,15.5%,16,6.3%,61.7%,18.86,14.55,66.67,12.3,A,48,50,10.4%,12,16.7%,38.3%,10.32,8.03,73.65,15.99
47,24,8.24,仙台,湘南,1,1,H,58,42,13.9%,19,5.3%,55.2%,13.41,9.91,89.73,16.35,A,58,42,9.5%,12,8.3%,44.8%,14.87,10.86,85.48,18.18
385,25,9.1,Ｃ大阪,川崎Ｆ,2,1,H,46,26,9.7%,10,20.0%,39.7%,8.03,6.48,76.21,20.42,A,74,54,11.7%,14,7.1%,60.3%,24.14,19.44,73.94,11.86
409,25,8.31,神戸,札幌,2,3,H,45,63,19.4%,19,10.5%,65.4%,22.85,19.68,99.65,8.04,A,37,55,9.8%,10,30.0%,34.6%,10.83,8.97,80.57,14.96
479,25,8.31,鳥栖,仙台,2,1,H,65,46,18.0%,22,9.1%,58.7%,20.64,15.99,99.0,14.62,A,54,35,11.7%,13,7.7%,41.3%,12.44,10.19,75.35,19.65
245,25,9.1,湘南,浦和,1,1,H,64,57,10.7%,13,7.7%,50.3%,15.92,11.48,83.23,7.38,A,43,36,6.0%,6,16.7%,49.7%,11.5,8.86,55.68,18.52
605,25,8.31,磐田,広島,0,2,H,43,56,15.9%,18,0.0%,53.9%,17.14,12.96,97.96,9.24,A,44,57,9.8%,10,20.0%,46.1%,13.51,12.86,76.87,11.12
315,25,8.3,名古屋,FC東京,1,2,H,45,41,8.8%,10,10.0%,59.5%,18.82,16.56,62.06,14.58,A,59,55,9.5%,10,20.0%,40.5%,12.19,8.64,103.62,10.59
575,25,8.31,松本,大分,0,0,H,41,59,9.3%,8,0.0%,29.2%,7.04,6.0,60.68,17.09,A,41,59,15.4%,16,0.0%,70.8%,19.89,16.48,97.36,8.66
223,25,8.31,横浜FM,Ｇ大阪,3,1,H,55,49,14.3%,16,18.8%,65.0%,25.13,21.61,67.48,9.25,A,51,45,8.5%,9,11.1%,35.0%,11.11,8.04,87.87,17.06
277,25,9.1,清水,鹿島,0,4,H,54,47,17.1%,19,0.0%,53.3%,14.14,11.46,71.15,10.91,A,53,46,8.7%,9,44.4%,46.7%,11.81,10.64,64.32,13.31
123,26,9.13,浦和,Ｃ大阪,1,2,H,50,63,12.8%,14,7.1%,48.3%,14.31,11.17,80.19,10.78,A,37,50,7.5%,8,25.0%,51.7%,11.32,9.77,83.13,18.84
75,26,9.14,鹿島,FC東京,2,0,H,55,38,7.7%,9,22.2%,47.3%,10.78,9.21,81.36,18.13,A,62,45,13.5%,15,0.0%,52.7%,22.46,17.02,95.9,12.47
439,26,9.14,神戸,松本,2,1,H,51,56,17.0%,18,11.1%,69.2%,24.34,21.19,98.22,8.23,A,44,49,11.7%,12,8.3%,30.8%,8.39,6.79,65.39,17.98
289,26,9.13,清水,名古屋,3,2,H,48,39,8.4%,9,33.3%,40.4%,9.13,7.67,55.93,22.09,A,61,52,16.8%,19,10.5%,59.6%,22.11,18.83,75.49,12.68
229,26,9.14,横浜FM,広島,3,0,H,61,59,13.6%,17,17.6%,55.9%,22.58,18.43,102.07,13.14,A,41,39,6.7%,8,0.0%,44.1%,12.66,9.76,88.92,16.06
1,26,9.14,札幌,仙台,1,3,H,53,51,7.1%,8,12.5%,63.7%,19.02,14.84,67.79,11.86,A,49,47,13.8%,16,18.8%,36.3%,8.71,6.5,97.05,20.8
367,26,9.14,Ｇ大阪,鳥栖,1,0,H,42,45,10.6%,13,7.7%,56.4%,17.12,14.67,86.89,15.28,A,55,58,15.3%,18,0.0%,43.6%,14.61,11.55,72.0,13.6
203,26,9.14,川崎Ｆ,磐田,2,0,H,53,55,13.5%,15,13.3%,45.8%,16.98,14.16,92.13,13.8,A,45,47,8.5%,10,0.0%,54.2%,17.48,14.51,84.56,12.17
525,26,9.14,大分,湘南,2,1,H,44,44,7.8%,8,25.0%,55.3%,14.56,11.79,93.15,17.27,A,56,56,8.9%,10,10.0%,44.7%,17.32,13.07,73.07,9.49
193,27,9.28,川崎Ｆ,神戸,1,2,H,54,58,15.3%,17,5.9%,45.4%,18.15,16.23,106.99,11.43,A,42,46,3.6%,4,50.0%,54.6%,15.68,13.28,117.59,13.2
253,27,9.29,湘南,清水,0,6,H,63,45,10.8%,12,0.0%,47.5%,19.83,14.96,65.86,12.26,A,55,37,14.3%,16,37.5%,52.5%,17.7,14.54,74.95,21.47
461,27,9.28,広島,名古屋,1,1,H,55,54,13.0%,13,7.7%,61.2%,20.57,19.21,66.82,11.12,A,46,45,4.6%,4,25.0%,38.8%,17.87,16.51,52.08,15.99
483,27,9.28,鳥栖,浦和,3,3,H,54,44,16.2%,18,16.7%,58.2%,14.67,10.18,55.7,16.31,A,56,46,16.8%,20,15.0%,41.8%,12.37,10.67,90.68,16.68
69,27,9.28,鹿島,札幌,1,1,H,51,57,10.2%,13,7.7%,59.7%,18.13,15.48,98.95,13.98,A,43,49,11.7%,13,7.7%,40.3%,13.03,9.93,72.76,15.05
395,27,9.28,Ｃ大阪,Ｇ大阪,3,1,H,48,34,10.9%,11,27.3%,43.2%,13.36,9.08,69.58,18.85,A,66,52,16.8%,19,0.0%,56.8%,22.09,19.96,84.14,6.31
45,27,9.28,仙台,横浜FM,1,1,H,46,43,9.9%,13,7.7%,35.5%,11.19,7.66,92.84,17.61,A,57,54,13.8%,17,5.9%,64.5%,20.93,17.75,78.47,9.32
543,27,9.28,大分,磐田,1,2,H,50,69,14.3%,12,8.3%,53.6%,22.49,16.16,63.51,10.15,A,31,50,7.5%,6,33.3%,46.4%,14.51,10.98,44.98,17.2
553,27,9.29,松本,FC東京,0,0,H,50,41,9.3%,10,0.0%,37.4%,8.93,7.75,76.98,19.32,A,59,50,11.7%,13,0.0%,62.6%,20.41,15.8,65.93,11.42
117,28,10.6,浦和,清水,2,1,H,47,59,12.6%,13,15.4%,60.9%,18.8,16.06,92.77,11.74,A,41,53,5.9%,6,16.7%,39.1%,9.03,7.51,68.62,14.66
335,28,10.5,名古屋,大分,1,1,H,64,70,20.8%,21,4.8%,50.6%,28.86,23.62,93.21,7.01,A,30,36,8.2%,8,12.5%,49.4%,12.05,9.38,61.66,19.71
65,28,10.5,仙台,松本,0,1,H,62,50,24.0%,29,0.0%,63.5%,33.47,19.58,88.49,9.78,A,50,38,10.6%,12,8.3%,36.5%,10.21,9.01,84.93,26.03
249,28,10.6,湘南,川崎Ｆ,0,5,H,49,44,5.1%,6,0.0%,42.5%,12.92,11.67,95.75,12.41,A,56,51,16.4%,19,21.1%,57.5%,24.53,21.44,97.87,14.87
485,28,10.5,鳥栖,FC東京,2,1,H,58,37,9.9%,11,18.2%,50.9%,13.45,9.45,79.59,16.5,A,63,42,13.0%,15,6.7%,49.1%,18.15,15.06,86.36,16.99
379,28,10.6,Ｃ大阪,鹿島,0,1,H,58,42,12.7%,15,0.0%,63.8%,18.43,13.82,87.72,10.51,A,58,42,7.5%,8,12.5%,36.2%,8.69,6.99,51.17,20.46
467,28,10.5,広島,神戸,6,2,H,70,47,23.5%,23,26.1%,43.5%,20.52,14.45,73.91,12.79,A,53,30,15.1%,14,14.3%,56.5%,20.38,18.4,73.89,10.41
341,28,10.4,Ｇ大阪,札幌,5,0,H,55,49,19.6%,21,23.8%,49.5%,21.3,16.15,84.8,20.67,A,51,45,6.5%,7,0.0%,50.5%,19.26,16.34,83.76,10.54
591,28,10.5,磐田,横浜FM,0,2,H,51,45,8.8%,10,0.0%,46.1%,13.44,10.37,74.55,11.88,A,55,49,14.0%,15,6.7%,53.9%,18.25,14.07,59.11,14.48
607,29,10.19,磐田,鳥栖,2,2,H,46,48,13.4%,15,13.3%,57.2%,14.96,11.12,64.68,13.12,A,52,54,6.6%,8,25.0%,42.8%,14.43,9.85,73.16,16.98
417,29,10.19,神戸,FC東京,1,3,H,53,61,17.2%,16,6.3%,58.8%,21.9,15.33,77.35,7.85,A,39,47,6.9%,7,42.9%,41.2%,12.27,10.19,79.76,17.32
217,29,10.19,横浜FM,湘南,3,1,H,64,66,14.6%,18,16.7%,68.1%,29.65,24.16,74.34,13.23,A,34,36,7.2%,8,12.5%,31.9%,5.55,5.31,79.08,18.01
21,29,10.18,札幌,Ｃ大阪,0,1,H,73,51,17.4%,19,0.0%,51.4%,21.37,16.07,73.66,11.43,A,49,27,13.1%,13,7.7%,48.6%,14.2,10.83,69.94,23.8
309,29,10.19,名古屋,仙台,0,2,H,67,54,15.7%,16,0.0%,62.6%,30.93,25.03,72.45,14.63,A,46,33,10.2%,11,18.2%,37.4%,9.59,8.57,72.56,24.88
549,29,10.18,松本,鹿島,1,1,H,47,50,12.7%,13,7.7%,30.7%,6.58,5.87,87.84,14.01,A,50,53,10.4%,11,9.1%,69.3%,19.94,16.78,54.14,9.65
131,29,10.18,浦和,大分,0,1,H,49,72,17.5%,17,0.0%,50.7%,19.07,16.76,83.45,8.2,A,28,51,4.3%,4,25.0%,49.3%,10.64,9.96,84.34,13.77
351,29,10.19,Ｇ大阪,川崎Ｆ,2,2,H,44,47,16.5%,15,13.3%,42.0%,16.01,13.53,101.96,16.4,A,53,56,14.0%,13,15.4%,58.0%,28.05,25.32,96.23,10.16
297,29,10.19,清水,広島,1,2,H,43,30,7.6%,9,11.1%,38.4%,11.61,9.93,79.83,21.97,A,70,57,20.0%,22,9.1%,61.6%,30.51,23.89,95.25,12.51
411,30,11.2,神戸,仙台,2,0,H,41,53,8.8%,10,20.0%,60.2%,18.77,15.97,96.46,12.09,A,47,59,13.0%,15,0.0%,39.8%,11.58,9.83,90.68,9.2
519,30,11.2,大分,FC東京,0,2,H,52,45,15.1%,16,0.0%,64.0%,25.23,21.36,89.8,11.01,A,55,48,10.1%,11,18.2%,36.0%,13.23,10.9,75.91,20.99
489,30,11.2,鳥栖,横浜FM,1,2,H,55,48,8.7%,11,9.1%,39.6%,10.93,7.7,97.64,12.42,A,52,45,10.0%,12,16.7%,60.4%,19.93,16.98,104.22,13.15
195,30,11.2,川崎Ｆ,広島,2,1,H,37,47,8.9%,10,20.0%,39.8%,10.55,9.47,93.99,21.31,A,53,63,13.3%,17,5.9%,60.2%,24.56,20.14,112.11,7.82
305,30,11.2,清水,磐田,1,2,H,57,31,8.9%,9,0.0%,28.5%,6.71,4.74,40.64,17.79,A,69,43,20.6%,20,10.0%,71.5%,29.39,21.8,60.4,10.84
73,30,11.1,鹿島,浦和,1,0,H,58,51,10.9%,12,8.3%,50.8%,16.34,11.17,82.69,15.77,A,49,42,10.9%,12,0.0%,49.2%,10.68,9.74,67.32,16.0
405,30,11.2,Ｃ大阪,松本,1,1,H,47,47,8.0%,9,11.1%,67.1%,18.17,15.46,102.78,10.67,A,53,53,10.2%,11,9.1%,32.9%,9.95,7.1,83.92,17.75
17,30,11.2,札幌,名古屋,3,0,H,40,49,15.6%,15,20.0%,58.9%,18.51,16.29,76.18,12.24,A,51,60,7.8%,8,0.0%,41.1%,13.54,11.15,61.94,9.8
257,30,11.3,湘南,Ｇ大阪,0,3,H,51,44,16.5%,19,0.0%,49.1%,16.79,12.05,71.55,14.42,A,56,49,17.5%,18,16.7%,50.9%,20.26,17.4,74.63,14.51
389,31,11.9,Ｃ大阪,湘南,1,0,H,56,39,12.9%,15,6.7%,56.2%,17.02,12.83,62.93,15.53,A,61,44,16.0%,17,0.0%,43.8%,9.45,7.94,78.87,13.19
531,31,11.1,大分,Ｇ大阪,2,1,H,39,53,12.5%,11,18.2%,43.3%,15.2,11.2,71.31,13.96,A,47,61,17.9%,17,5.9%,56.7%,20.53,17.32,80.17,8.6
205,31,11.9,横浜FM,札幌,4,2,H,54,42,14.7%,22,18.2%,58.9%,18.74,12.89,102.6,17.12,A,58,46,10.4%,14,14.3%,41.1%,15.21,11.92,116.29,12.16
329,31,11.9,名古屋,神戸,3,0,H,47,29,5.9%,6,50.0%,38.5%,11.5,8.54,64.21,22.91,A,71,53,15.9%,17,0.0%,61.5%,29.65,24.84,79.53,7.58
507,31,11.1,鳥栖,松本,1,0,H,60,52,7.5%,10,10.0%,53.3%,11.87,10.0,105.05,14.22,A,48,40,5.3%,6,0.0%,46.7%,13.81,11.77,76.08,18.67
449,31,10.29,広島,浦和,1,1,H,55,66,14.9%,17,0.0%,58.5%,24.27,18.99,107.21,6.52,A,34,45,7.6%,8,12.5%,41.5%,11.17,9.73,103.76,17.53
77,31,11.9,鹿島,川崎Ｆ,0,2,H,56,63,11.6%,15,0.0%,50.9%,14.83,11.87,85.25,8.92,A,37,44,7.1%,8,25.0%,49.1%,12.15,10.97,88.58,19.7
49,31,11.1,仙台,清水,2,0,H,64,43,14.4%,17,11.8%,39.7%,13.33,8.49,95.81,21.6,A,57,36,10.2%,13,0.0%,60.3%,21.48,15.34,86.15,14.91
587,31,11.9,磐田,FC東京,0,1,H,59,54,9.6%,11,0.0%,56.6%,19.74,13.18,79.34,12.59,A,46,41,6.4%,7,14.3%,43.4%,11.64,9.05,64.43,18.62
333,32,11.23,名古屋,鳥栖,0,0,H,48,51,8.0%,8,0.0%,49.3%,13.78,11.97,78.72,14.6,A,49,52,6.7%,7,0.0%,50.7%,10.39,9.93,77.61,16.29
431,32,11.23,神戸,Ｃ大阪,1,0,H,62,50,20.0%,24,4.2%,56.9%,22.64,17.35,116.24,8.72,A,50,38,10.4%,12,0.0%,43.1%,15.12,12.36,80.25,15.5
111,32,11.5,浦和,川崎Ｆ,0,2,H,42,49,9.3%,10,0.0%,46.1%,14.43,12.07,93.61,14.22,A,51,58,12.0%,13,15.4%,53.9%,19.57,18.12,103.86,16.59
557,32,11.23,松本,横浜FM,0,1,H,13,50,3.1%,4,0.0%,27.2%,3.42,3.34,123.18,16.47,A,50,87,13.5%,18,5.6%,72.8%,23.61,20.55,119.46,13.05
447,32,11.23,広島,鹿島,0,0,H,60,46,8.5%,9,0.0%,49.6%,14.78,11.35,61.51,12.07,A,54,40,13.5%,13,0.0%,50.4%,14.56,12.8,78.33,13.7
33,32,11.23,札幌,磐田,1,2,H,56,73,10.1%,13,7.7%,54.1%,23.0,17.6,92.41,10.17,A,27,44,6.3%,8,25.0%,45.9%,9.56,7.79,92.91,22.0
343,32,11.23,Ｇ大阪,仙台,2,0,H,68,53,18.2%,20,10.0%,62.4%,33.91,25.86,92.97,11.61,A,47,32,8.7%,10,0.0%,37.6%,10.2,8.22,79.6,24.98
301,32,11.23,清水,大分,1,1,H,67,68,21.2%,25,4.0%,42.5%,19.95,15.15,88.63,11.1,A,32,33,9.7%,10,10.0%,57.5%,12.58,11.05,64.82,20.92
149,32,11.23,FC東京,湘南,1,1,H,62,53,8.0%,11,9.1%,58.4%,19.45,15.37,81.1,14.88,A,47,38,11.6%,13,7.7%,41.6%,10.27,8.14,82.97,17.93
91,33,11.3,鹿島,神戸,1,3,H,67,49,11.5%,15,6.7%,39.8%,15.14,11.92,116.7,12.66,A,51,33,8.8%,12,25.0%,60.2%,19.01,15.35,126.86,18.88
597,33,11.3,磐田,名古屋,2,1,H,59,45,14.4%,16,12.5%,61.4%,21.37,16.92,88.86,12.09,A,55,41,13.0%,15,6.7%,38.6%,13.54,10.92,86.34,15.96
371,33,11.3,Ｇ大阪,松本,4,1,H,52,35,19.5%,23,17.4%,61.4%,26.87,21.91,94.87,16.94,A,65,48,14.6%,18,5.6%,38.6%,17.53,14.88,110.33,14.33
391,33,11.3,Ｃ大阪,清水,2,1,H,64,39,21.2%,25,8.0%,62.3%,20.52,15.98,68.45,15.35,A,61,36,6.7%,8,12.5%,37.7%,9.89,9.0,83.5,18.93
143,33,11.3,FC東京,浦和,1,1,H,64,48,14.9%,20,5.0%,42.1%,14.88,11.27,92.92,16.08,A,52,36,6.1%,8,12.5%,57.9%,15.91,13.35,89.15,17.32
477,33,11.3,鳥栖,札幌,0,2,H,55,60,9.1%,12,0.0%,57.6%,18.05,12.8,91.4,12.89,A,40,45,11.1%,12,16.7%,42.4%,13.51,10.72,99.19,19.87
263,33,11.3,湘南,広島,1,0,H,46,45,8.6%,11,0.0%,41.5%,11.23,8.77,109.34,20.82,A,55,54,7.5%,10,0.0%,58.5%,21.33,16.72,92.12,12.95
63,33,11.3,仙台,大分,2,0,H,40,49,11.5%,11,18.2%,29.0%,5.87,4.72,75.96,19.17,A,51,60,8.9%,9,0.0%,71.0%,21.99,17.02,90.71,6.15
181,33,11.3,川崎Ｆ,横浜FM,1,4,H,64,53,11.4%,14,7.1%,50.0%,17.3,13.14,117.22,10.1,A,47,36,10.7%,14,28.6%,50.0%,13.88,11.64,65.22,13.64
441,34,12.7,神戸,磐田,4,1,H,52,51,14.4%,17,23.5%,55.5%,19.4,16.96,114.07,13.29,A,49,48,13.7%,16,6.3%,44.5%,17.46,14.23,103.29,12.61
299,34,12.7,清水,鳥栖,1,0,H,56,43,8.3%,11,9.1%,51.9%,14.36,10.39,87.72,21.5,A,57,44,5.6%,8,0.0%,48.1%,11.9,9.15,88.22,19.07
121,34,12.7,浦和,Ｇ大阪,2,3,H,51,48,13.5%,13,15.4%,47.2%,16.53,14.43,80.94,12.86,A,52,49,16.5%,18,16.7%,52.8%,18.61,15.12,88.67,13.34
559,34,12.7,松本,湘南,1,1,H,59,56,17.4%,24,4.2%,50.2%,17.15,13.65,108.46,15.91,A,44,41,9.3%,12,8.3%,49.8%,10.15,8.24,94.09,18.05
533,34,12.7,大分,Ｃ大阪,0,2,H,46,50,8.1%,8,0.0%,50.1%,14.79,12.5,72.52,12.66,A,50,54,11.9%,12,16.7%,49.9%,21.3,19.25,79.83,14.36
311,34,12.7,名古屋,鹿島,0,1,H,42,49,7.0%,8,0.0%,57.5%,17.31,15.65,98.58,11.02,A,51,58,8.1%,10,0.0%,42.5%,12.48,9.76,76.96,17.42
213,34,12.7,横浜FM,FC東京,3,0,H,43,42,5.8%,8,37.5%,56.2%,14.0,12.96,101.24,17.48,A,58,57,6.1%,8,0.0%,43.8%,15.3,11.48,140.12,12.87
445,34,12.7,広島,仙台,1,0,H,76,68,15.1%,19,5.3%,65.4%,30.43,25.55,100.4,9.71,A,32,24,4.5%,5,0.0%,34.6%,7.74,6.94,90.1,23.01
9,34,12.7,札幌,川崎Ｆ,1,2,H,53,41,9.8%,12,8.3%,56.5%,20.15,15.83,123.14,7.41,A,59,47,15.9%,18,11.1%,43.5%,20.01,17.52,105.02,21.06
